Model,Opt,Params,Train Acc,Val Acc,Test Acc,Train Loss,Val Loss,Test Loss
Task2A_Dense_Baseline,adam,1057,1.0,1.0,1.0,0.02124405466903393,0.018357098257192516,0.018177738013604783
Task2B_CNN_Base,adam,77,1.0,1.0,1.0,0.2721693655228717,0.24728759889230964,0.24607496894053302
Task2D_CNN_NoPool,adam,185,1.0,1.0,1.0,0.12230762581126209,0.09564015998478799,0.09635196826423993
Task2D_CNN_Dropout,adam,77,0.9685714285714285,1.0,1.0,0.29088130952264596,0.2269344321369046,0.2265712287527179
Task3_CNN_SGD,sgd,77,1.0,1.0,1.0,0.4650565696214575,0.4595353734382153,0.45931582828228273
Task3_CNN_Momentum,momentum,77,1.0,1.0,1.0,0.5639816531627387,0.5492722219420051,0.5478720538118205
